evidence_id,problem_id,industry,source_quality,source_type,source_date,persona,claim_or_observation,economic_or_frequency_signal,contradiction_or_limit,source_url
E001,H-01,Healthcare,A,Independent analysis of CMS data,2026-03,Providers/insurers,"HealthCare.gov insurers denied 19% of in-network claims in 2024; about 85M in-network claims were denied.","Large recurring claim volume; 25% of reported denial reasons were administrative.","Scope limited to HealthCare.gov QHP transparency data; not all US claims.",https://www.kff.org/patient-consumer-protections/claims-denials-and-appeals-in-aca-marketplace-plans-in-2024/
E002,H-01,Healthcare,A,Independent analysis of CMS data,2026-03,Providers/consumers,"Fewer than 1% of denied claims were appealed; 66% of internal appeals were upheld.","Shows very low appeal throughput relative to denials.","Consumer appeal data does not directly measure provider RCM workflow.",https://www.kff.org/patient-consumer-protections/claims-denials-and-appeals-in-aca-marketplace-plans-in-2024/
E003,H-02,Healthcare,B,Professional-association survey,2026-05,Physicians/practice staff,"AMA reports physicians complete ~40 prior authorizations per week and spend ~13 physician/staff hours weekly on PA.","40% report staff dedicated exclusively to PA.","Self-reported physician survey; not direct observed time study.",https://www.ama-assn.org/press-center/ama-press-releases/ama-survey-prior-authorization-reform-pledge-falls-short-physicians
E004,H-02,Healthcare,B,Professional-association survey,2025-10,Medical groups,"MGMA states PA remains the top administrative burden; 92% of surveyed medical groups reported hiring or reassigning staff solely to handle PA volume.","Direct staffing response signals budget and recurring burden.","Association survey methodology/sample details require full report review.",https://www.mgma.com/articles/the-prior-authorization-landscape-in-2025
E005,H-03,Healthcare,C,Practitioner discussion,2025-11,Credentialing operations,"Credentialing described as repetitive/manual, lengthy and opaque; vendor spend exists but human payer chasing remains.","Reported inability to onboard as many providers as desired despite vendor spend.","Small Reddit sample; qualitative only.",https://www.reddit.com/r/credentialing/comments/1ozvo16/what_are_the_worst_pain_in_credentialing_today/
E006,H-03,Healthcare,C,Practitioner discussion,2026-05,Credentialing/enrollment staff,"Multi-state enrollment teams report payer backlogs and unrealistic provider expectations.","23-state enrollment example; Medicare/Medicaid delays noted.","Anecdotal; part of delay may be uncontrollable payer wait time.",https://www.reddit.com/r/credentialing/comments/1ti235u/credentialing_timelines_feel_unrealistic_lately/
E007,H-03,Healthcare,C,Practitioner discussion,2025-07,Billing/credentialing staff,"Credentialing data changes reportedly cause denials; dates/documents tracked manually; Airtable used as workaround.","A/R can reach 60+ days before credentialing issue is discovered.","Anecdotal and may not represent modern enterprise tooling.",https://www.reddit.com/r/CodingandBilling/comments/1m2bsvd/
E008,H-03,Healthcare,D,Vendor product evidence,2026,Healthcare organizations,"Medallion markets AI-native credentialing, payer enrollment, roster management and payer follow-up workflows.","300+ healthcare organizations claimed; shows established spending category.","Vendor claims; also strong competition signal.",https://www.medallion.co/
E009,H-03,Healthcare,D,Vendor product evidence,2026,Health plans/providers,"CertifyOS offers credentialing, provider enrollment, monitoring, roster and provider-data infrastructure.","Existing enterprise platform category confirms buyer budgets.","Strong competition; vendor performance claims unverified here.",https://www.certifyos.com/
E010,C-01,Construction,C,Practitioner discussion,2025-12,Project engineer/PM,"Submittal review described as manual side-by-side comparison of 50-page PDFs against specs, consuming roughly half a practitioner's week in one example.","High time burden and error consequence reported.","Thread also identifies existing tools BuildSync/Remy; sample is anecdotal.",https://www.reddit.com/r/ConstructionManagers/comments/1pq8axe/is_there_a_trick_to_reviewing_submittals_faster/
E011,C-01,Construction,C,Practitioner discussion,2026-01,Construction intern/PM,"Submittal review described as slow, repetitive and stressful; missing details can produce RFIs/rework.","Recurring across projects; project-specific specs increase cognitive burden.","Qualitative; not a cost estimate.",https://www.reddit.com/r/ConstructionManagers/comments/1q8kkk3/new_to_construction_why_are_submittals_such_a/
E012,C-02,Construction,C,Practitioner discussion,2025-05,Project engineer,"Practitioner reports spec-driven log could contain ~1000 submittals and uncertainty over which informational submittals matter.","Manual extraction and prioritization burden.","Single case; teams may have established templates/processes.",https://www.reddit.com/r/ConstructionManagers/comments/1km2xb1/submittals/
E013,C-02,Construction,C,Practitioner discussion,2025-05,Project engineer,"Advice emphasizes computing submittal priority from material-needed date, review duration, approval duration and lead time.","Shows prioritization requires schedule/procurement context, not just extraction.","Does not establish willingness to pay.",https://www.reddit.com/r/ConstructionManagers/comments/1kypb0b/submittal_importance/
E014,C-01,Construction,C,Product review,2025-12,Construction user,"Procore App Store reviewer calls submittal tool difficult for revision differentiation and describes searching through submittals to understand revisions.","Existing paid incumbent still has workflow friction.","One review; Procore overall has broad adoption and positive reviews.",https://apps.apple.com/us/app/procore/id374930542?see-all=reviews
E015,P-01,Property management,C,Practitioner discussion,2026-03,Maintenance coordinator/PM,"659-unit operator using AppFolio reports poor task/reminder support; two maintenance coordinators assign vendors, obtain estimates and process invoices.","Dedicated labor at 659 units; recurring work-order cycle.","Property Meld/Venderoo already target the problem.",https://www.reddit.com/r/PropertyManagement/comments/1rqnf89/maintenance_coordination/
E016,P-01,Property management,C,Practitioner discussion,2025-04,Property manager,"Every work order required two approvals, creating bottleneck and tenant frustration; operator tries to create pre-approved price lists.","Approval latency and repetitive low-value decisions.","May be local governance/process issue rather than software gap.",https://www.reddit.com/r/PropertyManagement/comments/1k4ka84/maintenance_price_list/
E017,P-01,Property management,C,Practitioner discussion,2025-12,Property-management company,"100+ unit operator reportedly still uses Google Sheets/Drive and is seeing multiple sources of truth/errors.","Growth threshold exposes admin burden.","Many established PMS options exist.",https://www.reddit.com/r/PropertyManagement/comments/1peesiq/what_software_do_property_managers_use/
E018,P-02,Property management,C,Practitioner discussion,2025-11,Property manager,"Vendor contracts managed via SharePoint/desktop; expiry/insurance tracking desired.","Manual document tracking persists.","Respondents note Yardi/MRI and other systems already contain vendor tracking.",https://www.reddit.com/r/PropertyManagement/comments/1omyx4v/how_does_everyone_manage_contracts/
E019,F-01,Finance/AR,B,Vendor-sponsored SMB survey,2025-05,Small businesses,"QuickBooks survey of >2,000 US small businesses reports businesses with outstanding invoices were owed >$17,000 on average.","Direct cash-flow pain and broad prevalence signal.","Vendor-sponsored survey; generic collections software market is crowded.",https://quickbooks.intuit.com/r/small-business-data/small-business-late-payments-report-2025/
E020,F-02,Finance/AR,C,Practitioner discussion,2026-08,AR staff,"ERP auto-match misses partial/split payments; practitioner reverts to CSV + bank statement spreadsheet reconciliation.","Month-end/DSO impact described.","Recent Reddit sample; needs independent prevalence evidence.",https://www.reddit.com/r/AccountingDepartment/comments/1vtfcrd/what_accounts_receivable_automation_best/
E021,F-03,Finance/AP,C,Practitioner discussion,2026-08,AP staff,"AP exception queue requires buyer/warehouse/requisitioner follow-up; actual chasing remains email/Slack outside ERP.","Example reports 60–80 exceptions/month on ~1,200 invoices and ~1 day/week of AP clerk time.","Single self-reported workflow; automation may not fix upstream process failures.",https://www.reddit.com/r/Accounting/comments/1vy3kbw/how_do_you_handle_invoice_exceptions_that_fail/
E022,F-03,Finance/AP,C,Practitioner discussion,2025-02,Accountant,"POs frequently fail to align with invoices, causing repeated communication with supply chain and delays waiting for corrections.","Direct labor waste in exception handling.","Good ERP/process discipline can reduce the issue substantially.",https://www.reddit.com/r/Accounting/comments/1iv5k3o/3way_match_invoice_doesnt_align_with_purchase/
E023,I-02,Commercial insurance,B,Industry survey,2026,Commercial insurance brokers,"Applied reports survey of 394 US/Canadian brokers covering renewal/application workflow.","Establishes a sizable operational research base.","Full detailed metrics are gated; product vendor has incentive.",https://www1.appliedsystems.com/en-ca/resources/white-papers-research/state-of-insurance-renewals/
E024,I-02,Commercial insurance,D,Industry network article citing survey,2020,Commercial insurance brokers,"Survey cited: 38.82% of mid-market/enterprise brokerages spent 2+ hours per submission re-keying/prefilling; 50% spent at least 1–5 hours/week chasing clients.","Recurring renewal labor and client-chasing cost.","Older evidence; current products may have reduced this burden.",https://www.appliedclientnetwork.org/Connections-Publication/how-to-reduce-cost-with-your-commercial-lines-renewals-process
E025,I-02,Commercial insurance,D,Vendor product evidence,2026,Insurance brokers,"Applied Indio pre-fills renewal data, digitizes applications and maps data across 14,000+ insurance applications.","Confirms established software spend around this workflow.","Strong incumbent means generic digitization is not white space.",https://apsy02mstr4d4f2inte.dxcloud.episerver.net/en-us/solutions/for-agents/insurance-application-software/indio/
E026,I-02,Commercial insurance,D,Vendor product evidence,2026,Insurance brokers/carriers,"Bold Penguin markets agentic submission-to-bind automation and reports 5.8M annual submissions.","Large volume category; strong buyer demand for automation.","Vendor-reported metrics; substantial competitive threat.",https://www.boldpenguin.com/
E027,L-01,Logistics,A,Regulator data,2025,Importers/carriers,"FMC reports nine major ocean carriers collected roughly $15.4B in detention and demurrage charges Apr 2020–Mar 2025.","Direct, large cash pool associated with the problem.","Total charges are not equal to erroneous/recoverable charges.",https://www.fmc.gov/detention-and-demurrage/
E028,L-01,Logistics,A,Regulator program,2026,Carriers/shippers,"FMC maintains audit program addressing D&D billing, appeals procedures and dispute-resolution practices.","Official regulatory attention confirms process significance.","Does not quantify addressable software spend.",https://www.fmc.gov/databases-and-publications/vessel-operating-common-carrier-vocc-audit-program/
E029,L-01,Logistics,D,Vendor pricing/business model,2026,Importers/logistics finance,"FreightAudit Pilot publicly offers success-fee freight invoice recovery and a $750 health check.","Concrete willingness-to-charge signal tied to recovered cash.","New vendor; customer conversion/traction unknown.",https://www.demurrageaudit.com/
E030,L-01,Logistics,D,Emerging competitor,2026,Importers/freight operators,"Multiple products now market automated D&D invoice checking and dispute evidence.","Validates emerging solution demand.","Crowds the obvious invoice-audit wedge quickly.",https://getgatepilot.com/
E031,S-01,Cybersecurity,C,Practitioner discussion,2026-01,Security consultant,"Teams report 200–400-question security questionnaires, repetitive copy/paste from policies/audits/spreadsheets and inconsistent answers.","High-volume repetitive workflow tied to enterprise sales.","Thread itself notes Vanta/Drata already solve much of it.",https://www.reddit.com/r/cybersecurity/comments/1q49z8u/anyone_else_drowning_in_security_questionnaires/
E032,S-01,Cybersecurity,C,Practitioner discussion,2025-08,Security team,"Several questionnaires per week; knowledge base becomes outdated; customers often require their own format.","Frequency and format fragmentation.","Multiple mature automation vendors exist.",https://www.reddit.com/r/cybersecurity/comments/1n0hdck/how_do_you_automate_answering_security/
E033,S-01,Cybersecurity,D,Vendor product evidence,2026,Security/revenue teams,"Vanta supports AI-generated, cited responses across spreadsheets/docs/third-party portals with approval workflows.","Exact generic-response problem already productized.","Vendor performance claims are not independent evidence.",https://www.vanta.com/products/questionnaire-automation
E034,S-02,Cybersecurity/B2B risk,B,Industry survey,2026,TPRM teams,"RiskRecon reports 81% say 3/4 of vendors pass questionnaires but only 14% trust that vendor security matches responses.","Potential gap is evidence validation rather than answer generation.","Survey details/sample context should be reviewed before extrapolation.",https://www.riskrecon.com/benchmark-your-tprm-program
E035,Q-01,Quality/QMS,C,Practitioner discussion,2025-03,Quality manager,"Experienced user of multiple QMS products wants granular review-comment tasks rather than repeatedly pushing an entire document back to draft.","Specific repeated workflow gap across several named QMS tools.","Economic magnitude and prevalence not yet established.",https://www.reddit.com/r/QualityAssurance/comments/1j454ug/qms_software_that_allows_to_creates_tasks_for/
